{
  "timestamp": "20251217_200023",
  "horizons": {
    "30min": {
      "horizon_min": 30,
      "mse": 0.0006239764905236788,
      "rmse": 0.02497952142303128,
      "mae": 0.017266023772632373,
      "r2": -8.995195788230603e-08,
      "mape": 312.3956790811248,
      "directional_accuracy": 0.6173708920187794
    },
    "60min": {
      "horizon_min": 60,
      "mse": 0.001472278921711666,
      "rmse": 0.03837028696415582,
      "mae": 0.029478419421500028,
      "r2": -0.08441104175509206,
      "mape": 484.34030671660094,
      "directional_accuracy": 0.5938967136150235
    },
    "180min": {
      "horizon_min": 180,
      "mse": 0.001567110308601055,
      "rmse": 0.03958674410204829,
      "mae": 0.030750505321504543,
      "r2": -0.033373440962931156,
      "mape": 187.14354483806886,
      "directional_accuracy": 0.7394366197183099
    },
    "360min": {
      "horizon_min": 360,
      "mse": 0.001087459666752355,
      "rmse": 0.032976653358889454,
      "mae": 0.02809080772862987,
      "r2": -0.0005038783682327352,
      "mape": 570.478938194239,
      "directional_accuracy": 0.6338028169014085
    },
    "720min": {
      "horizon_min": 720,
      "mse": 0.0005420692539556624,
      "rmse": 0.023282380762191447,
      "mae": 0.01828736667083221,
      "r2": 0.5119116604518595,
      "mape": 265.4573247054792,
      "directional_accuracy": 0.8145539906103286
    }
  },
  "overall_metrics": {
    "avg_rmse": 0.03183911732206325,
    "avg_mae": 0.024774624583019805,
    "avg_r2": 0.07872464188272914,
    "avg_directional_accuracy": 0.67981220657277
  }
}