{
  "horizon_min": 30,
  "mse": 0.0006239764905236788,
  "rmse": 0.02497952142303128,
  "mae": 0.017266023772632373,
  "r2": -8.995195788230603e-08,
  "mape": 312.3956790811248,
  "directional_accuracy": 0.6173708920187794
}