{
  "horizon_min": 360,
  "mse": 0.001087459666752355,
  "rmse": 0.032976653358889454,
  "mae": 0.02809080772862987,
  "r2": -0.0005038783682327352,
  "mape": 570.478938194239,
  "directional_accuracy": 0.6338028169014085
}