{
  "horizon_min": 60,
  "mse": 0.001472278921711666,
  "rmse": 0.03837028696415582,
  "mae": 0.029478419421500028,
  "r2": -0.08441104175509206,
  "mape": 484.34030671660094,
  "directional_accuracy": 0.5938967136150235
}