{
  "horizon_min": 720,
  "mse": 0.0005420692539556624,
  "rmse": 0.023282380762191447,
  "mae": 0.01828736667083221,
  "r2": 0.5119116604518595,
  "mape": 265.4573247054792,
  "directional_accuracy": 0.8145539906103286
}