{
  "horizon_min": 180,
  "mse": 0.001567110308601055,
  "rmse": 0.03958674410204829,
  "mae": 0.030750505321504543,
  "r2": -0.033373440962931156,
  "mape": 187.14354483806886,
  "directional_accuracy": 0.7394366197183099
}